{"cameraMode":{"drawMode":0,"name":"Shaded","section":"Shading Mode"},"sceneLighting":false,"audioPlay":false,"sceneViewState":{"m_AlwaysRefresh":false,"showFog":true,"showSkybox":false,"showFlares":true,"showImageEffects":true,"showParticleSystems":true,"showVisualEffectGraphs":true,"m_FxEnabled":true},"in2DMode":false,"pivot":{"x":-15.316699981689454,"y":-3.8470120429992677,"z":-21.742027282714845},"rotation":{"x":0.020404940471053125,"y":-0.9563702344894409,"z":0.07248585671186447,"w":0.28521713614463808},"size":14.242197036743164,"orthographic":false}