{"cameraMode":{"drawMode":0,"name":"Shaded","section":"Shading Mode"},"sceneLighting":true,"audioPlay":false,"sceneViewState":{"m_AlwaysRefresh":false,"showFog":true,"showSkybox":true,"showFlares":true,"showImageEffects":true,"showParticleSystems":true,"showVisualEffectGraphs":true,"m_FxEnabled":true},"in2DMode":false,"pivot":{"x":-1.7121083736419678,"y":3.7487311363220217,"z":4.01143741607666},"rotation":{"x":0.059818822890520099,"y":0.9418482780456543,"z":-0.2320837378501892,"w":0.23937295377254487},"size":1.4293235540390015,"orthographic":false}